Unnamed: 0,ba_graph_10000_36,ba_graph_10000_37,ba_graph_10000_38,ba_graph_10000_39,ba_graph_10000_40,ba_graph_10000_41,ba_graph_10000_42,ba_graph_10000_43,ba_graph_10000_44,ba_graph_10000_45,ba_graph_2000_1,ba_graph_2000_10,ba_graph_2000_2,ba_graph_2000_3,ba_graph_2000_4,ba_graph_2000_5,ba_graph_2000_6,ba_graph_2000_7,ba_graph_2000_8,ba_graph_2000_9,ba_graph_2500_1,ba_graph_2500_10,ba_graph_2500_2,ba_graph_2500_3,ba_graph_2500_4,ba_graph_2500_5,ba_graph_2500_6,ba_graph_2500_7,ba_graph_2500_8,ba_graph_2500_9,ba_graph_3000_1,ba_graph_3000_10,ba_graph_3000_2,ba_graph_3000_3,ba_graph_3000_4,ba_graph_3000_5,ba_graph_3000_6,ba_graph_3000_7,ba_graph_3000_8,ba_graph_3000_9,ba_graph_7000_1,ba_graph_7000_10,ba_graph_7000_2,ba_graph_7000_3,ba_graph_7000_4,ba_graph_7000_5,ba_graph_7000_6,ba_graph_7000_7,ba_graph_7000_8,ba_graph_7000_9,ba_graph_8000_16,ba_graph_8000_17,ba_graph_8000_18,ba_graph_8000_19,ba_graph_8000_20,ba_graph_8000_21,ba_graph_8000_22,ba_graph_8000_23,ba_graph_8000_24,ba_graph_8000_25,er_graph_10000_36,er_graph_10000_37,er_graph_10000_38,er_graph_10000_39,er_graph_10000_40,er_graph_10000_41,er_graph_10000_42,er_graph_10000_43,er_graph_10000_44,er_graph_10000_45,er_graph_2000_1,er_graph_2000_10,er_graph_2000_2,er_graph_2000_3,er_graph_2000_4,er_graph_2000_5,er_graph_2000_6,er_graph_2000_7,er_graph_2000_8,er_graph_2000_9,er_graph_2500_1,er_graph_2500_10,er_graph_2500_2,er_graph_2500_3,er_graph_2500_4,er_graph_2500_5,er_graph_2500_6,er_graph_2500_7,er_graph_2500_8,er_graph_2500_9,er_graph_3000_1,er_graph_3000_10,er_graph_3000_2,er_graph_3000_3,er_graph_3000_4,er_graph_3000_5,er_graph_3000_6,er_graph_3000_7,er_graph_3000_8,er_graph_3000_9,er_graph_7000_1,er_graph_7000_10,er_graph_7000_2,er_graph_7000_3,er_graph_7000_4,er_graph_7000_5,er_graph_7000_6,er_graph_7000_7,er_graph_7000_8,er_graph_7000_9,er_graph_8000_16,er_graph_8000_17,er_graph_8000_18,er_graph_8000_19,er_graph_8000_20,er_graph_8000_21,er_graph_8000_22,er_graph_8000_23,er_graph_8000_24,er_graph_8000_25,random_internet_as_graphs_10000_1,random_internet_as_graphs_10000_10,random_internet_as_graphs_10000_2,random_internet_as_graphs_10000_3,random_internet_as_graphs_10000_4,random_internet_as_graphs_10000_5,random_internet_as_graphs_10000_6,random_internet_as_graphs_10000_7,random_internet_as_graphs_10000_8,random_internet_as_graphs_10000_9,random_internet_as_graphs_2000_1,random_internet_as_graphs_2000_10,random_internet_as_graphs_2000_2,random_internet_as_graphs_2000_3,random_internet_as_graphs_2000_4,random_internet_as_graphs_2000_5,random_internet_as_graphs_2000_6,random_internet_as_graphs_2000_7,random_internet_as_graphs_2000_8,random_internet_as_graphs_2000_9,random_internet_as_graphs_2500_1,random_internet_as_graphs_2500_10,random_internet_as_graphs_2500_2,random_internet_as_graphs_2500_3,random_internet_as_graphs_2500_4,random_internet_as_graphs_2500_5,random_internet_as_graphs_2500_6,random_internet_as_graphs_2500_7,random_internet_as_graphs_2500_8,random_internet_as_graphs_2500_9,random_internet_as_graphs_3000_1,random_internet_as_graphs_3000_10,random_internet_as_graphs_3000_2,random_internet_as_graphs_3000_3,random_internet_as_graphs_3000_4,random_internet_as_graphs_3000_5,random_internet_as_graphs_3000_6,random_internet_as_graphs_3000_7,random_internet_as_graphs_3000_8,random_internet_as_graphs_3000_9,random_internet_as_graphs_7000_1,random_internet_as_graphs_7000_10,random_internet_as_graphs_7000_2,random_internet_as_graphs_7000_3,random_internet_as_graphs_7000_4,random_internet_as_graphs_7000_5,random_internet_as_graphs_7000_6,random_internet_as_graphs_7000_7,random_internet_as_graphs_7000_8,random_internet_as_graphs_7000_9,random_internet_as_graphs_8000_1,random_internet_as_graphs_8000_10,random_internet_as_graphs_8000_2,random_internet_as_graphs_8000_3,random_internet_as_graphs_8000_4,random_internet_as_graphs_8000_5,random_internet_as_graphs_8000_6,random_internet_as_graphs_8000_7,random_internet_as_graphs_8000_8,random_internet_as_graphs_8000_9,waxman_graph_10000_0.2_0.05_36,waxman_graph_10000_0.2_0.05_37,waxman_graph_10000_0.2_0.05_38,waxman_graph_10000_0.2_0.05_39,waxman_graph_10000_0.2_0.05_40,waxman_graph_10000_0.2_0.05_41,waxman_graph_10000_0.2_0.05_42,waxman_graph_10000_0.2_0.05_43,waxman_graph_10000_0.2_0.05_44,waxman_graph_10000_0.2_0.05_45,waxman_graph_2000_0.2_0.05_1,waxman_graph_2000_0.2_0.05_10,waxman_graph_2000_0.2_0.05_2,waxman_graph_2000_0.2_0.05_3,waxman_graph_2000_0.2_0.05_4,waxman_graph_2000_0.2_0.05_5,waxman_graph_2000_0.2_0.05_6,waxman_graph_2000_0.2_0.05_7,waxman_graph_2000_0.2_0.05_8,waxman_graph_2000_0.2_0.05_9,waxman_graph_2500_0.2_0.05_1,waxman_graph_2500_0.2_0.05_10,waxman_graph_2500_0.2_0.05_2,waxman_graph_2500_0.2_0.05_3,waxman_graph_2500_0.2_0.05_4,waxman_graph_2500_0.2_0.05_5,waxman_graph_2500_0.2_0.05_6,waxman_graph_2500_0.2_0.05_7,waxman_graph_2500_0.2_0.05_8,waxman_graph_2500_0.2_0.05_9,waxman_graph_3000_0.2_0.05_1,waxman_graph_3000_0.2_0.05_10,waxman_graph_3000_0.2_0.05_2,waxman_graph_3000_0.2_0.05_3,waxman_graph_3000_0.2_0.05_4,waxman_graph_3000_0.2_0.05_5,waxman_graph_3000_0.2_0.05_6,waxman_graph_3000_0.2_0.05_7,waxman_graph_3000_0.2_0.05_8,waxman_graph_3000_0.2_0.05_9,waxman_graph_7000_0.2_0.05_1,waxman_graph_7000_0.2_0.05_10,waxman_graph_7000_0.2_0.05_2,waxman_graph_7000_0.2_0.05_3,waxman_graph_7000_0.2_0.05_4,waxman_graph_7000_0.2_0.05_5,waxman_graph_7000_0.2_0.05_6,waxman_graph_7000_0.2_0.05_7,waxman_graph_7000_0.2_0.05_8,waxman_graph_7000_0.2_0.05_9,waxman_graph_8000_0.2_0.05_16,waxman_graph_8000_0.2_0.05_17,waxman_graph_8000_0.2_0.05_18,waxman_graph_8000_0.2_0.05_19,waxman_graph_8000_0.2_0.05_20,waxman_graph_8000_0.2_0.05_21,waxman_graph_8000_0.2_0.05_22,waxman_graph_8000_0.2_0.05_23,waxman_graph_8000_0.2_0.05_24,waxman_graph_8000_0.2_0.05_25
0,49975,49975,49975,49975,49975,49975,49975,49975,49975,49975,9975,9975,9975,9975,9975,9975,9975,9975,9975,9975,12475,12475,12475,12475,12475,12475,12475,12475,12475,12475,14975,14975,14975,14975,14975,14975,14975,14975,14975,14975,34975,34975,34975,34975,34975,34975,34975,34975,34975,34975,39975,39975,39975,39975,39975,39975,39975,39975,39975,39975,499158,500068,499993,499668,499272,499233,501536,499720,500389,499804,19951,19796,19974,20110,19908,20200,19808,19928,20178,20187,31438,31359,31483,31236,31358,31370,31249,31357,31270,31515,45042,44624,45108,45042,44919,44675,44665,44878,44791,44850,245094,245484,245510,245803,244353,244651,245669,244819,245450,245820,319996,320037,318959,320867,319897,318745,320289,320536,320318,320571,26231,26099,26338,26208,25979,26088,26306,26118,26009,26223,3218,3256,3252,3234,3266,3262,3273,3293,3259,3257,4228,4190,4211,4197,4248,4175,4081,4178,4216,4183,5184,5174,5190,5185,5272,5183,5137,5253,5263,5224,15701,15735,15668,15712,15865,15691,15863,15598,15640,15696,18910,19024,18949,18835,18917,18826,19082,18825,19005,18915,556534,557209,556300,554538,555631,558784,558742,558465,557518,555873,21902,21806,21737,21877,21962,21687,22269,21407,22029,21857,33629,34103,34068,34566,34383,34053,33810,34684,34290,34451,49034,49603,48899,49797,49173,49524,49429,49737,50815,48812,271140,270902,269896,266801,272160,271430,270803,272123,270787,273307,354057,357967,357257,352451,357610,354277,358510,352518,358318,356625
1,1302802,1371003,1337741,1323429,1302858,1307874,1246114,1307701,1250654,1312533,214580,220022,204661,210638,210801,210022,229866,217899,206164,201378,275684,255555,281633,270427,275486,271004,277626,270548,259844,271467,348779,334848,352890,346550,337728,326535,325025,318399,348875,314375,850356,873728,866914,885039,846115,878401,905858,866367,887421,870565,990467,1014195,1020785,1062497,1052596,1023891,992841,1002546,1006265,1015799,49323011,49507262,49493032,49426931,49348641,49344300,49791129,49432345,49572653,49460710,393827,388529,394427,400434,391670,404514,388711,393248,404232,403051,783033,776942,783821,771530,778727,779031,774142,778142,775452,785541,1337231,1313438,1343891,1339974,1332355,1316784,1316481,1329461,1323046,1326957,16994968,17040988,17046858,17095276,16889964,16929384,17066253,16954913,17035560,17080418,25331011,25342529,25173382,25484553,25328984,25147990,25384551,25420901,25386384,25432282,3395058,2926302,2918590,2965943,2506255,3348411,3479366,3503362,2427056,2595268,82407,81191,102390,87438,96235,83031,89159,93196,95555,97741,154974,128294,154601,130472,161529,130831,138972,140520,126409,135278,176985,176182,190387,194442,191288,212153,203207,172998,198056,203651,1117826,1053185,1080302,1319189,1213986,1358310,1435345,1036571,1229477,1032317,1506958,1666370,1933237,1903786,1635042,1918211,1779578,1901273,1670939,1441402,63186071,63331570,63187240,62732730,63022835,63705633,63743236,63581457,63342953,63042230,490295,484089,480637,488116,492324,479861,505674,465303,495804,489446,925653,949331,948249,974733,965273,949737,931606,979368,960674,970193,1632080,1672768,1629287,1692572,1647573,1666772,1659197,1685659,1757764,1623133,21395281,21388561,21274175,20750457,21573648,21478361,21383544,21618224,21357023,21773860,31980720,32718940,32564165,31696645,32652494,32002500,32787133,31713809,32766188,32409771
2,2223,2339,2288,2289,2170,2235,1984,2157,2022,2233,1282,1362,1114,1207,1333,1233,1440,1289,1214,1177,1447,1262,1453,1420,1331,1339,1404,1404,1301,1327,1521,1473,1672,1602,1428,1440,1428,1335,1634,1392,1917,1849,1925,1986,1814,1960,1955,1847,1930,1875,1951,1946,2006,2093,2218,2122,1878,1922,1971,2122,165891,167196,166467,166241,166731,165882,168105,165814,166752,167105,1366,1281,1343,1367,1325,1441,1320,1273,1401,1307,2670,2723,2615,2645,2625,2620,2559,2729,2603,2673,4568,4246,4605,4408,4634,4282,4260,4448,4348,4498,56773,57725,57484,57696,57092,56921,57911,57356,57177,57459,85374,85827,84522,85800,85420,84693,85613,86198,85369,86426,12904,12326,12288,12435,10348,12875,12757,13135,10054,10651,574,541,747,598,618,586,660,630,631,721,883,754,911,792,1003,765,719,811,783,733,896,927,1074,1061,1068,1141,1089,1020,985,1177,4762,4662,4960,5335,5632,5675,6007,4306,5237,4544,6570,7287,8010,7759,6654,8016,7495,7445,6928,6394,310699,312254,310308,307274,311105,313967,314140,313678,311681,309289,2403,2294,2413,2354,2404,2338,2491,2159,2400,2378,4396,4614,4722,4741,4721,4571,4467,4854,4751,4734,7982,8119,7987,8177,8041,8228,8163,8330,8705,7872,104803,104748,104529,101066,105666,105682,104790,106155,103953,107472,157998,160901,160136,155744,160522,156128,162376,155384,161295,159504
3,29228082,31194875,30261375,29973815,29109774,29385392,27472793,29347212,27366286,29627894,3748716,3940278,3561919,3685498,3690697,3693725,4103134,3868064,3630980,3462320,4995265,4580505,5177464,4923930,5030869,4894523,5115134,4938841,4681514,4931366,6623916,6197531,6794971,6644513,6323937,6044169,6051487,5896585,6663528,5795041,18017818,18525906,18430750,19135606,17736837,18647158,19508567,18317755,18813649,18230975,21453983,22004955,22161449,23306486,23200035,22486265,21556432,21351230,21735023,22334429,4824593499,4851696150,4849751209,4839959146,4828536368,4828026846,4893020202,4840516042,4861346897,4845053961,7690954,7541956,7707137,7891991,7620901,8017384,7549327,7677100,8009627,7959565,19301061,19049096,19311521,18860396,19145362,19137806,18978399,19097461,19027519,19372432,39292682,38257786,39622917,39441979,39117953,38405435,38403616,38975323,38686944,38846471,1166471086,1170905465,1171608824,1176871419,1155603739,1159596454,1173540941,1162261968,1170361445,1174724368,1984875627,1986483334,1966725604,2003596757,1985228032,1964032094,1991498204,1995570351,1991573631,1997159344,65024098,61333508,60285216,62123287,54323283,64525942,65354822,64492589,52542787,56492880,828132,834330,1038936,883314,955545,869696,916646,938706,969559,1002032,1629932,1400989,1655610,1453154,1731976,1439009,1422966,1538576,1429016,1388996,2072692,2028319,2236338,2269177,2250388,2509106,2272892,2136921,2235763,2374686,19288306,19314229,19481600,21462809,21292443,22248650,24153923,18579757,21255335,19175219,29152013,30932272,32942047,32377050,29610168,33537728,32802656,32767250,30863448,28353281,7114165669,7138629167,7119136912,7038583140,7090579522,7203371515,7213335060,7177618144,7136787916,7090912370,10892231,10652447,10539368,10798436,10948497,10536101,11388130,10039431,11071495,10875300,25296349,26220698,26182967,27259750,26865699,26301163,25449989,27405408,26692617,27109347,53898625,55942879,53841324,57060687,54746019,55622437,55184473,56701737,60315811,53565625,1674017471,1674779963,1663974656,1601205046,1695991087,1685789546,1674640493,1703555903,1670098967,1720213886,2865342944,2966317345,2944350831,2827727394,2956661024,2867438584,2973359853,2830730346,2971679786,2920769699
4,57529501,69574605,59067963,55821653,52390438,55070963,41869538,52612425,43683776,56191165,4856667,4953003,3620235,4337484,4115082,4529921,6474340,4973026,3742937,3666708,7041853,4817588,6909197,6087638,6234099,5823514,6569359,5815449,5120980,5965991,9801380,7708344,9549431,8888453,8567820,7696867,7058150,6299115,9590432,6362775,26909801,29087940,28943679,32720931,25871922,29931855,33912082,29186357,33103092,28733401,34336827,37378998,38472083,43578245,40997536,39711449,35998240,35408976,34836638,37838282,1608008775,1617202762,1616625685,1613228898,1609383962,1609385511,1630780879,1613246689,1620581536,1615191576,2562402,2520718,2567369,2633955,2538938,2675839,2517127,2563271,2682016,2652488,6441080,6336558,6428858,6277715,6379060,6384177,6334859,6372086,6348189,6454269,13084394,12754887,13217829,13160978,13047086,12809723,12801998,12995647,12881692,12950149,388962228,390270205,390530145,392492059,385266871,386542176,391183809,387551850,390065243,391352876,661402239,662031830,655488130,668065957,661856267,654805259,663771466,665069479,663743905,665757500,1049874143,697459768,725811795,720440641,487907150,1013086224,1108875135,1126420040,472369946,514926027,2129749,2160230,4002756,2615334,3370038,2244788,2757088,2844815,3005982,3910506,7000843,4906941,7020575,5239271,8990111,5246052,6136661,5870715,4897876,5491061,7435847,7691418,10401225,9203589,8549063,12829326,13473535,6729213,9506093,11549876,147724822,124721882,130142467,234349637,184083678,252332452,250097147,122292024,187666705,110564093,224423952,291710642,451247108,415749791,281135314,428024676,317751861,409179770,289982732,212504042,2428191120,2436444018,2430854411,2402309736,2421042007,2458843902,2463739377,2448754352,2434569658,2420080691,3712996,3632342,3594071,3676206,3734904,3592423,3888910,3411199,3783265,3723608,8646207,8958092,8942361,9310556,9181795,8987407,8671125,9343015,9131450,9264140,18378781,19093603,18419875,19527215,18705433,18976101,18822404,19361379,20580348,18317399,570694073,571886065,568516867,546629247,578642858,575547194,571667276,582218079,569816217,587301331,977819193,1013556922,1005328998,965532097,1009999047,978646718,1015112827,966592355,1015163100,996327515
5,30685,31617,31984,31548,30168,30473,28690,30068,27442,31232,13566,14464,13130,13448,13455,13670,15059,14402,13371,12158,14945,14071,16078,15026,15386,14808,15810,14942,14165,15095,17954,16011,17951,17464,16128,15548,16178,15509,17286,15232,24713,25174,25331,26813,23951,25483,27092,25498,25673,24783,26554,27739,26845,28645,29417,28445,27337,26407,27138,28107,12163249,12252987,12245594,12208724,12173564,12177144,12394183,12212865,12288890,12232292,19486,18832,19371,20159,19079,20820,18869,19439,20657,20309,49060,48005,48962,47578,48371,48531,47843,48557,48471,49214,98921,95825,100261,100113,98377,96028,96454,98628,96697,98011,2949673,2960572,2966301,2987416,2911575,2925654,2971233,2933406,2959358,2976562,5009098,5016343,4948408,5079310,5017173,4946408,5033895,5044149,5035339,5058259,129397,132870,124323,123673,113781,124988,127254,121623,104320,114443,2750,2813,3183,3069,2995,3404,3220,3411,3033,2998,4553,4035,4379,4653,5088,4361,4127,4405,4125,3857,5930,6045,6423,5956,6920,7288,5897,6156,6080,6677,43380,46278,41251,43869,52044,44720,50611,42353,44506,44273,61654,64352,70506,64925,62713,62139,70224,61512,68196,62191,23552892,23649536,23600173,23229353,23485211,23913504,24009493,23819616,23592042,23428089,35838,34613,34027,35010,35961,33862,38190,31965,36423,35725,81989,86401,85706,90572,87959,86571,82107,90141,87878,89033,175510,184055,176239,189791,178961,181839,180845,187181,202425,173460,5502811,5513525,5484640,5226362,5607617,5563021,5518570,5650380,5482937,5707868,9441918,9881791,9794012,9294090,9828994,9460084,9908373,9321455,9906099,9665044
6,768601,895374,771010,754639,695886,732560,555547,707397,572850,751234,213164,226299,155676,191352,198087,198899,280151,218978,178101,173399,274577,195182,268762,247758,228188,225154,256562,241781,212469,228264,318978,262405,343179,327429,280798,266025,258124,223851,351254,238370,492671,498122,518278,568672,448520,522558,559099,492496,542838,471931,542855,560222,591247,648371,664744,638185,547334,526634,547044,630501,48672714,49158833,48930813,48845694,48931347,48693457,49559936,48701541,49066814,49113339,79971,74889,78915,80836,77120,85691,76811,74589,83410,77338,197844,199788,193512,194133,193620,192779,188793,200798,191975,197183,402418,371323,408765,389793,408806,374042,372038,393071,381601,394015,11697969,11894679,11853119,11918257,11720534,11694796,11941824,11801722,11778714,11853065,20054634,20173296,19805042,20245361,20085014,19851750,20150432,20297587,20084216,20361318,13764178,11087744,11368040,11499606,8191603,13698027,14145930,14751470,7933205,8676032,84399,81707,142212,91611,108980,86814,107090,99602,105538,142319,188007,150552,200460,159981,257087,153895,152223,174859,153986,149748,199609,200754,267530,252520,241179,322825,309455,209657,223343,309293,2611256,2439197,2633836,3624146,3348237,3972114,4162481,2298561,3277895,2272435,4132627,5125130,6641836,6236723,4573866,6724766,5394579,6069669,4743304,3956334,106837746,107503888,106853440,105209358,106984630,108436376,108680153,108138082,107153196,106266649,163744,152956,160800,159450,163612,157614,171334,141895,164188,161150,369245,388824,398417,404558,400351,388355,372351,412914,403426,405808,803720,829670,808536,844964,814547,838303,829305,857419,912331,793282,25003440,25048775,25004154,23797718,25327619,25349050,25064141,25583917,24810264,25943398,43262794,44616119,44257072,42467290,44451486,42728467,44999784,42371867,44738350,43874931
7,8218,8907,7718,7759,6624,7282,5127,7132,5197,7787,4626,4845,2986,4108,4295,4248,6080,4650,3752,3875,5893,3626,5290,5039,4082,4376,5282,5027,4537,4405,6002,4654,6697,6572,4881,4683,4912,3917,7360,4436,5645,5641,6177,6804,4637,5952,6728,5224,5721,4795,5776,5551,6090,6735,7277,7020,5668,5263,5654,7213,245554,249465,247667,246160,247178,246354,251249,245559,247349,249121,435,362,393,414,386,442,385,378,450,375,1036,1037,975,998,1019,934,948,1038,940,1075,2051,1790,2078,1931,2122,1817,1775,1933,1798,1984,58796,59944,60093,60424,59727,58880,60791,59907,59461,59650,101649,102614,99800,102108,102210,100448,102022,103222,101641,103796,558460,413006,435756,435865,277122,497622,532228,581327,268783,292703,2888,2504,4918,2613,3500,2574,3666,3003,3208,4777,5409,4299,6447,4977,9580,4233,4110,5163,4333,4041,5508,5089,7792,7200,6809,10397,9094,5525,5460,9381,77225,69593,80351,117751,114740,138057,155153,67623,101497,61974,136853,179763,250854,244297,150650,259792,179574,217037,164912,121208,837571,844478,837978,818914,841447,849623,851483,849562,840008,829352,1232,1202,1349,1277,1289,1240,1382,1058,1254,1258,2909,2989,3157,3126,3095,2922,2782,3300,3255,3126,6383,6502,6265,6459,6325,6516,6686,6792,7053,6205,195228,196372,195966,184493,197320,199132,196595,200184,192741,203487,340609,350409,346366,331440,348602,332212,355057,330671,351313,343487
8,118,134,109,115,96,96,74,107,81,134,90,111,44,74,84,72,134,89,71,89,126,79,96,92,84,77,90,105,100,92,121,80,122,124,116,83,84,76,163,91,103,101,96,95,54,91,91,79,81,76,65,73,99,97,76,98,72,85,79,120,421,408,398,422,444,433,428,437,390,394,0,0,1,1,1,2,0,0,1,0,1,0,0,2,0,1,4,6,3,0,6,5,4,3,3,5,3,2,3,4,84,120,101,106,108,103,101,93,115,98,142,198,168,163,160,149,163,166,160,179,4920,4908,5033,5542,3671,5080,4705,5492,3463,3723,71,57,123,86,86,46,105,85,126,105,135,100,131,98,154,77,75,114,102,107,117,102,137,162,143,159,148,126,116,152,995,995,1292,1278,1606,1746,1710,923,1241,1042,1878,2306,2811,2595,1791,2883,2331,2441,1930,1715,2639,2499,2602,2502,2574,2633,2689,2682,2573,2546,5,3,4,1,7,5,2,1,5,4,18,19,10,6,14,7,14,7,7,7,13,24,15,14,18,13,24,16,18,27,579,591,597,565,620,632,609,660,597,635,1077,1032,1115,1040,1077,1025,1101,1021,1055,1040
9,580391575,615459103,610388062,602025486,583557698,585659821,552815058,586357137,543206496,591203410,56637644,59816228,55350850,56379085,56588879,55984718,60842745,58139516,55777088,52410772,78222160,72842136,82446052,77527421,80406316,78197168,81214005,77910772,74313761,77987699,108259821,102524115,110830997,108794008,102790526,98412943,99759626,97582815,107019479,94587138,341588371,352374640,350195326,364030420,336600978,354682454,372741099,347439234,357125132,347249504,414826932,428119548,428663687,453480168,455190268,436163965,417354430,414821194,422897325,431394802,467167455252,470661747547,470419745539,469152264224,467684607686,467626633134,475972697007,469211433240,471909546366,469816941903,148589627,144881689,149014406,153874778,146733790,157179650,145088266,148293107,156993194,155507564,470762362,462204089,470832817,456258131,465758853,465253545,460365722,463800782,462003305,472735729,1142664847,1102985197,1156026097,1148903848,1136583856,1108667489,1108801243,1130775043,1119585147,1125490912,79248721839,79637180187,79704535329,80191493574,78264962554,78622534290,79876468046,78864842253,79588165997,79972575080,153957157319,154134914109,152104699231,155921029775,154020022223,151840913747,154655669707,155067177553,154656745461,155242360915,1026532444,1068565811,1010822881,1034567181,996078774,1035739004,1048837640,1023906134,922809363,1029442243,7233676,7314016,8196014,8029633,8154883,7974972,7884939,9013253,8258448,7442664,15357606,12587154,14730406,13324554,15121004,13393948,12946080,13917477,12800532,13122030,21634105,20996188,21717087,22708278,25266278,22970531,20617851,22509314,24841005,23406684,295015735,302924125,283123938,294829180,318081918,283978863,334256651,286307625,297883046,306931444,457416558,470230755,470982849,482018251,472965333,434528115,521604631,446190627,509393290,445709774,790922074585,794525293831,792013933867,779850424361,787737319597,804257265497,805970112142,800058951371,793998187257,787575282955,238891236,231354830,228220638,235855322,240316662,228348437,253120600,213945579,244025822,238567091,682604019,715060152,713797888,752538813,738114084,719091560,686557342,757045515,732099345,747819222,1757829951,1847154728,1756725817,1898930578,1796166292,1832682848,1812006832,1883035605,2042836339,1745418319,129340223572,129495664944,128522065676,122034333676,131657397932,130652444444,129504923506,132542456687,128963180191,134182896243,253511843738,265513505471,262859394926,249123455146,264324863226,253707653564,266220629592,249519450445,266087891522,259901250692
10,3467542958,4138181192,3571769540,3435836716,3197526737,3370507243,2606676209,3241262367,2679433256,3440002853,215871732,230910529,169714658,198355156,191042043,205637898,279546502,228754028,180013876,169311461,323974090,237422653,329268118,295641563,299987183,278619801,319131469,287347287,251846883,291243993,476579125,381916298,488072769,456494987,423201678,380713807,359628039,324852177,482932982,327918115,1583827916,1694997882,1683237526,1906999674,1509094087,1721748920,1953187299,1685619471,1855141887,1616694681,2057775016,2190513752,2258416872,2534278611,2425675918,2359727755,2148055474,2022922239,2077605959,2290266194,467111683185,470647974326,470435659092,469128644004,467652688944,467640864039,475900796087,469136372576,471939345063,469852209154,148498056,145199255,148911408,154128116,146561427,157461504,145135509,148497469,157701070,155423502,471360157,461231770,470251349,455650938,465793493,465441180,461050818,464010146,462374086,472427837,1141547450,1103082652,1157046884,1149832130,1137511261,1109023524,1108767504,1131184377,1118605234,1125406335,79276967033,79628973333,79703334679,80236274990,78276975612,78623656422,79879267253,78888653162,79577334137,79925061889,153899998946,154105815209,152083897754,155975355584,154050395343,151867193137,154643998395,155033627994,154629869542,155250402224,32471376314,25126650140,25442594894,25842312109,19067350889,31721601961,33353379830,33355243078,18498004215,20294152560,50028985,50715705,86386063,57112820,71232352,52999714,61858687,61754417,67217589,84434673,153519353,118110682,161151990,125106177,185338169,124200802,127537435,139674722,121253817,117299776,191368982,190762802,243590703,233461244,211312731,304084390,282252233,187371032,219058030,269795796,4725651168,4370004896,4564773585,6628811018,5702897020,7129177134,7448080212,4203525405,5879779213,4087504992,8123436834,9701626046,12647558954,11885135767,9094755326,12740801267,10540479367,12233809717,9479540209,7821605354,812867450917,816597726259,814466248909,801511379597,810016014720,826736565814,829129736755,821844409350,815607562827,809405177557,245365665,237575230,234279751,241700568,247086043,234616648,260401205,219021636,251322189,246082542,703215589,736083624,734313043,774053226,759742339,740766529,704189943,777079925,754410016,769969152,1805457327,1898698358,1809927271,1957450676,1848133795,1882691159,1859920088,1937513714,2099746407,1798580753,132751548403,133162618276,132281521638,125473359010,135268653871,134342263131,133124389591,136435168547,132466252981,137955448939,260537311502,273255445736,270335926475,256186066190,271904448680,260766315240,273689184529,256631444278,273769380015,266956284540
11,4177602501,5790242226,3803795497,3335315758,3085330979,3654127064,1970285438,3175205853,2160814931,3579535624,144734704,136053000,72730031,110757144,95143737,128941332,262915338,149474980,79418154,83624547,249193472,112543555,224912346,178298785,177553541,156237795,198613903,153191127,125783336,162337315,388407328,222074735,327182081,287975682,310411956,246197714,194901059,151210574,348893004,163982636,1149787013,1332813584,1330646070,1701211545,1051854274,1390301268,1749786800,1406705497,1799734321,1317488278,1712107152,2012328459,2223588970,2514583236,2202106569,2228473757,1925006847,1785653627,1635660167,2076360844,38917273681,39218760053,39207118471,39089821687,38964690825,38973047422,39647072038,39081952493,39336664815,39162396956,12362373,12163542,12397233,12891217,12212905,13153941,12092177,12424064,13283612,12940244,39389395,38274198,39076322,37850572,38776860,38868611,38525187,38763041,38558124,39344486,94949081,91980260,96547990,96005213,94893029,92582726,92414806,94287817,92980464,93817562,6611116631,6634687485,6641318946,6693468799,6525119968,6551830865,6657917101,6579020880,6629826567,6652626950,12816529959,12836784292,12670480646,13006664257,12841812293,12660231426,12884410390,12914395382,12881509453,12938542595,294519948350,155486137315,167459803011,162189792607,90878783973,280499956235,323085641405,326908663154,86926205216,97115540575,52948951,58407774,161508044,75542831,121795738,60283322,86780523,84202659,90050955,164611005,297916545,193212637,301668843,218368218,505768089,213826809,267707300,246803645,200068090,212365416,312521640,341457890,616311173,428060034,377928647,763246726,961097192,262574348,445138936,643723477,19348503104,15310265731,14927014038,40056613638,26939276969,44194809210,41795452741,14281518868,27543402630,11528565826,31919192986,48349332070,97239078301,83858111030,46545129354,88052689427,53564971229,80689155589,47616432519,30908717740,70762111528,71088638815,70946518119,69777485875,70565751578,71986221884,72276647255,71485538804,70943197274,70450380941,21275757,20645590,20389534,20886251,21474794,20368861,22714330,18888824,21919244,21536822,61361273,64222327,63986279,67515630,66265611,64596370,61082940,67552217,66027813,67238505,156969766,165255792,158278493,171223342,161157883,163740463,161716975,168728896,182608046,157276557,11528815873,11606721689,11535251953,10929298072,11767741829,11701153023,11589892245,11907159373,11522300431,12016080703,22665800459,23834876871,23551015627,22320442585,23702500246,22702558204,23833718820,22362119104,23876621326,23214543271
12,75875958,90656996,73698232,75163457,64959586,71226946,48702814,68936392,51459245,74736443,9796757,10774330,6470172,8678091,8746023,8979306,13462835,10438843,7909044,7597619,13985149,9081479,13735800,12508301,11413481,10970539,13407275,12405365,10481343,11704662,18544817,14186960,20649876,19344576,15785691,14047715,13677021,11525501,21509242,12544037,39010919,40488050,42344732,47041949,33752604,41503064,47750764,38499362,42501841,35638012,45483821,46940127,50582761,57729190,56688452,56046068,46284947,42207287,46310389,56355809,4712265042,4769058982,4745921028,4735858864,4738428979,4716515915,4821059723,4719903871,4763955708,4762834261,1545667,1443785,1529463,1575307,1480306,1681906,1475613,1442927,1637256,1509656,4837384,4835437,4725425,4702227,4716910,4670475,4596244,4872848,4667964,4799637,11686122,10715542,11968750,11367925,11903850,10776120,10719669,11458639,11049012,11374410,795274483,808648002,806415583,812306667,793901507,792774655,812518259,801257276,800677718,806714969,1554377375,1564574488,1531252632,1576280604,1558284774,1535330764,1564912455,1576979000,1559098168,1582740628,1989555900,1693223419,1683095443,1764334317,1259423944,1935678001,2011201460,2045027903,1219501024,1354199491,3330598,3354936,6279464,3545629,4779945,3376837,4503444,4034042,4706788,6034807,10035023,7428991,11071198,7781079,12951707,7716592,7801769,8954076,7613974,7615828,11432536,11240891,14765510,14928245,12971447,19610497,17215521,11527535,12121681,18038678,295417109,264637279,306777229,401194865,377082497,453305773,493249471,262824422,381250757,257439697,550784257,654729787,797604949,764664577,586763472,828714869,704604844,790276297,617475376,490716708,12154958704,12246689347,12176353634,11921032225,12175473812,12393479854,12444560451,12332592895,12190758115,12081439586,3690790,3372799,3541967,3572397,3688954,3511976,3898635,3088878,3714510,3617856,10274696,10850217,11120363,11429672,11233901,10929776,10267815,11606549,11350594,11504887,26798970,28042620,27073441,28890284,27302321,28253715,27844709,29232868,31621095,26475564,1973247539,1982676525,1980342501,1855542388,2009246276,2012115144,1983410323,2040695836,1958720553,2072071287,3920741202,4094843532,4048337101,3832674681,4072486545,3869939053,4126101893,3824719841,4106411195,3993025934
13,13281625,15127042,13695421,13296675,12301499,12889122,10175108,12447678,10230991,13177227,2718040,2935651,2158949,2500263,2626904,2586169,3393948,2800835,2426777,2278955,3616677,2767356,3654757,3366817,3159708,3094762,3508897,3318310,2954882,3113449,4377928,3768228,4791415,4638069,3892079,3805676,3762843,3335794,4776872,3477589,8300049,8379218,8642726,9520398,7647834,8713661,9203221,8256903,8950461,7829473,9408096,9589281,10034432,10844676,11457183,10866602,9447312,8944032,9505202,10791317,4712877247,4768850132,4746264487,4734797704,4739481933,4716336419,4820911919,4720916163,4763091967,4762204709,1545118,1439759,1527578,1580161,1484678,1682978,1477282,1440214,1633991,1512998,4823799,4849696,4721918,4697089,4713395,4687708,4579434,4871435,4660021,4812211,11701581,10706863,11924199,11352200,11874546,10795946,10745649,11406871,11054422,11418634,794765133,808965524,806340796,812120417,793768231,792941936,812858735,800752935,801004109,806918415,1555500124,1565291843,1531737797,1575568940,1558245186,1534655852,1564847008,1577220479,1559632334,1582685426,119436096,108271157,108757147,109529912,85961440,119185478,119317665,121840166,82870374,90379098,539657,513577,807102,564547,619861,563044,640048,618297,619495,793507,1122129,956534,1207110,1034742,1422745,977779,869834,1071680,1008971,898435,1375715,1366789,1759980,1675871,1680783,1991053,1825666,1563281,1468072,1955806,23248820,23358141,23985477,28658487,28794947,30240361,32785062,20977914,27521645,21844276,39254456,45796829,52222355,49544718,40558241,52873274,48254526,48040685,43116494,39112415,11899255294,11988388098,11911789892,11677880566,11909482430,12130293755,12169051159,12074797030,11943095048,11825736208,3605208,3327861,3495091,3490864,3601131,3426788,3817756,3027476,3634016,3539692,9991645,10621325,10880369,11195214,11014512,10654947,10062246,11422564,11081618,11225378,26273807,27457984,26423953,28159767,26753889,27672741,27261505,28561333,30965394,25911018,1935045943,1940388496,1935746692,1817400102,1969656354,1968714695,1941797982,1994742143,1918921995,2027494841,3835340798,4002111892,3959391557,3748798609,3981774588,3787915337,4036715906,3742423138,4014075443,3911142295
14,102912278,140588263,92447659,85031075,79185520,89822477,50068456,82500729,54776621,89111084,11342675,11492742,5873910,8995684,8504489,10145212,19909674,12093764,7225382,7507952,17548138,8709420,15957856,13623548,11917518,11332809,14281189,12147306,10022237,11797853,22777140,14203851,21946988,20302505,18951299,16284254,13930057,10580300,24296397,12085476,40065579,44630880,45905571,55646135,35276164,46769532,54395575,45090594,55849520,39844516,51627462,56667163,63473309,70813612,67760276,66943365,55529045,48932311,49665632,65891602,2355858742,2384557752,2373152576,2367777091,2369064106,2358334832,2410114175,2359625412,2382197980,2381576793,771300,723582,765489,789560,738205,842940,737177,721000,822602,754376,2422486,2411994,2359509,2348001,2354191,2341056,2297871,2440327,2332949,2397047,5840019,5361839,5986767,5689207,5956278,5395052,5357625,5729564,5516415,5695569,397771493,404269021,403198995,406382465,397005233,396380430,406327844,400749743,400239738,403119649,776947373,782137569,765538493,788370797,779259402,767846297,782365067,788314916,779393469,791418553,6590559946,4192917553,4497878565,4421995928,2612761798,6551833514,7127660489,7449599510,2511591659,2829700659,3726959,3796367,9708167,4440973,6558408,4032792,5649192,4971427,5199716,10377049,13477365,10373466,15011224,11490977,24790057,10714788,11075841,12925152,10694154,10125575,14835940,15282660,26437884,20398672,18587803,33021209,37226555,14263765,17812368,29818406,584614720,515307416,522762642,1072217835,828629481,1192203176,1187034637,464352136,826301375,414445166,1002280667,1462050158,2445765356,2155578275,1301338702,2380766092,1581499906,2073833593,1326738588,990128692,6193866709,6240485994,6205493677,6075234579,6205102875,6316201928,6344631706,6281817335,6209793543,6155272860,1878853,1720799,1806832,1815939,1877456,1789590,1991033,1569287,1893306,1846852,5238596,5531893,5668736,5831937,5731545,5570223,5218425,5910851,5795726,5879998,13652270,14293438,13825210,14747035,13927462,14396013,14183022,14883086,16104932,13524950,1004557010,1010926005,1009592180,945793364,1023523631,1025581287,1010823869,1040944216,997791944,1056105211,1996788924,2088183277,2063267536,1953715883,2076086162,1971934946,2102654959,1949693425,2094395938,2033575987
15,424833,439124,457310,447015,433353,430610,417267,431267,395874,433305,143064,150736,145050,144810,144513,143206,152314,143210,142400,131084,164933,156144,178101,163754,173076,167030,174104,162897,160120,165039,198340,189555,203158,197335,187083,179762,185125,180809,191224,173164,332297,341797,341092,356354,329859,344135,368829,340125,349723,337472,364295,377066,374037,400065,404656,385418,370748,365640,372730,376425,942022194,950953911,950426520,947054497,943471800,943415164,964347951,947138574,954232245,948945679,299560,290254,300946,314261,293693,321495,291430,299389,321971,316553,960087,932907,957988,918017,947368,942651,932307,937178,937076,961083,2308765,2206712,2345057,2326748,2294849,2224358,2226100,2280287,2251447,2265899,160302713,161178722,161386974,162725416,157762777,158662804,161805208,159300822,161053523,161918772,310814110,311368769,306246870,316110915,311186731,305647614,312733186,313664022,312656545,314242302,1470729,1520632,1430960,1422353,1389502,1362629,1457339,1254921,1281434,1413877,15288,16687,15349,18558,16661,19408,16255,19862,15982,14308,29064,22648,25468,27050,27007,25890,23725,24918,24529,22954,39819,39341,38070,38329,50211,43856,35813,43171,44771,41622,445920,497530,400455,399713,513836,384538,475423,432709,402665,478192,653495,662765,658868,638490,674245,551068,728734,579103,749300,653406,1998296978,2008984660,2004479066,1963476865,1990917287,2039863073,2048214734,2025331646,2004123680,1986964882,598898,570133,562981,587853,602030,564164,641486,519419,613545,600426,1686133,1781867,1777533,1895013,1846787,1800020,1686513,1897582,1832604,1879998,4354875,4630817,4370438,4814937,4480768,4577696,4505821,4753250,5250481,4332444,323979092,325225028,323397414,303044295,331906686,329067953,325432760,335525342,322936529,339871318,637566199,675698837,667553955,624646363,671597045,638154469,677397260,626461631,677372702,656172567
16,11858601,13205010,12663949,12050315,11180286,11676613,9653885,10993675,9256938,12072081,2561935,2775050,2188979,2459056,2378236,2537086,3159919,2764655,2300919,2038416,3159737,2570278,3387475,2996627,3063466,2852776,3287904,2932339,2633772,3009249,4200519,3360105,4169282,3964150,3525245,3277953,3348881,3027167,4009930,3012178,7499770,7831268,7882090,8963418,7164435,7971395,8982363,7965493,8379001,7572732,8791334,9416666,9135715,10267260,10336666,10120339,9371640,8580678,8997077,9574249,4710453193,4754330668,4751384352,4733353583,4716217649,4717972828,4821743266,4734706988,4771828711,4744850019,1504789,1449952,1497858,1577352,1465070,1634629,1450052,1504628,1623881,1585855,4790139,4651687,4767049,4599822,4707455,4717383,4648188,4718235,4708616,4796737,11497500,11047346,11715800,11671736,11444738,11086472,11139615,11451855,11185920,11355938,801850297,805354771,807236422,814701049,788883734,793448001,808992412,796453027,804911211,810055991,1553487448,1556702223,1530543130,1581726291,1557336722,1529962045,1563596757,1567412595,1563870072,1572777077,134918668,118022121,110788281,109807404,88731888,128876084,134158054,131088512,80830026,91856615,455543,453243,640732,533309,578740,579368,570948,622773,544378,595920,1038707,838646,1040820,1002011,1312861,947588,897187,1004937,871266,836299,1395141,1436738,1696838,1550749,1717282,2085187,1667974,1373429,1549992,1862463,24095707,24299942,21941721,29499449,31090525,30415480,34510439,22671627,27861956,22613792,38861297,43985287,57358230,51759986,42652789,49456050,50217201,48634190,47246123,38227795,10742709287,10799679987,10781557149,10558551502,10712012491,10959133183,11020921898,10886789385,10762576790,10676777635,3226824,3077214,3020414,3129535,3241949,3014596,3484387,2782473,3303100,3232091,9108986,9683827,9581022,10263857,9928405,9730651,9066451,10197124,9914941,10098465,23465102,24945835,23644109,26026115,24107015,24567708,24303769,25545770,28155098,23267311,1741660843,1749901890,1741116238,1634463715,1784893426,1769884430,1751036027,1806821642,1735669088,1827661789,3427908497,3635101260,3590739440,3361355873,3609243132,3434039678,3641300061,3374057658,3643718055,3526370602
17,3916721,4800994,3374844,3279237,2829652,3248112,1736205,3116747,1921464,3461416,859171,890516,421090,702861,677416,771056,1360611,903728,581322,635361,1311694,610324,1097174,1012986,779068,807054,1069131,954806,817953,849331,1514833,947936,1583668,1519503,1152703,1029361,979989,713010,1878671,860832,1748409,1897385,2078229,2455719,1396268,2016259,2515511,1731614,2095056,1447840,2069415,2025127,2345125,2708672,2698365,2726697,2073405,1779245,1976101,2817500,47553277,48406896,48037362,47743229,47869278,47740439,48871071,47585889,48039449,48326344,16738,13856,15335,16044,14827,17241,14806,14637,17650,14691,50822,50243,47751,48646,49475,45226,46296,50475,45754,52092,119918,102962,122025,112510,123818,104527,102406,113652,104656,114810,8004067,8144473,8179197,8238313,8092821,7983947,8271434,8137441,8078470,8119871,15741303,15906278,15430572,15902202,15862903,15541836,15840135,16039442,15777633,16136414,796076725,503740348,544016904,538357277,298914640,711866199,787406237,853824478,289455046,323105902,466343,418047,1084724,418288,715834,408263,668021,505947,534739,1094275,1313744,1017709,1705498,1209127,2971101,1007884,1014679,1290689,993439,957234,1471191,1342506,2448696,2019501,1805683,3620216,3336435,1288985,1442997,3097720,58304294,48711621,54931219,110254237,93253274,130412900,142499328,47523668,84873509,40129061,115334152,169335098,279838307,263229597,141849364,282336191,173495149,236402587,155158646,101785108,193058509,194891496,193460663,187831186,194148205,196762396,197743076,196282442,193495065,191001508,56430,53589,59929,58132,59051,55987,64013,46086,57615,57646,164570,169217,178287,178379,175357,167876,154902,187620,186185,179937,430241,446181,425833,448599,427866,445035,452960,470614,495032,419907,31170321,31478127,31472958,29103914,31665367,32014506,31510490,32400824,30808603,32943610,62581070,65221878,64234163,60668653,64766524,60963051,65957454,60456438,65433487,63255819
18,170636,235550,161721,146382,139392,151546,89583,143513,95220,150452,63206,66356,35269,50228,52888,55563,107722,67298,44853,45966,85768,46522,79424,69664,56447,57170,70348,65116,53447,57103,90899,63997,95670,94748,78347,76867,68658,52798,109724,59733,92776,103301,108102,125598,82428,108156,112670,101106,124212,86030,106473,111191,126070,136653,146577,137235,110983,96955,105197,139309,11883189,12079166,11972508,11946298,12007493,11891541,12209339,11871746,12022246,12069336,4010,3627,3817,4095,3762,4405,3743,3551,4088,3609,12312,12532,11717,12200,11911,11700,11499,12829,11794,12161,29939,26213,31088,27969,31194,26138,25988,29066,27225,28890,1995865,2054905,2037003,2054849,2012037,1996828,2067157,2033976,2014535,2034228,3922287,3972197,3854999,3981524,3938006,3882369,3962397,4012952,3933477,4035563,9774797,7106044,7634914,7543059,4555620,9963741,10447126,11269270,4423647,5033790,15955,14708,36211,16123,20570,17459,20600,18198,17797,41543,35337,32941,45528,37838,76648,32309,27500,39329,34739,29931,40048,41380,73742,58161,56901,88113,96613,47084,42371,85113,1105155,1097524,1078041,1902932,1596234,2039168,2147176,899786,1573395,873390,1885104,2774199,4014683,3585912,2312967,4070087,2981884,3334277,2340325,1963640,45169060,45632348,45210735,44082607,45450144,46158420,46396470,45982040,45261627,44792569,13694,12002,13421,13099,13710,12697,14417,10950,13431,13251,37203,39418,41694,42024,41346,39979,36819,43161,42648,42958,99138,103654,100683,106055,100453,105444,103455,109232,118139,97858,7294571,7331387,7358316,6816702,7414214,7490050,7343802,7582623,7200807,7731930,14643989,15239164,15048066,14242892,15145641,14267068,15452359,14154341,15303329,14843376
19,1314134,1407362,1192868,1285702,1028880,1153276,803286,1131168,819850,1265306,334112,389821,213772,303243,323701,305038,460241,367028,286259,282970,462884,295466,438866,421460,346962,354151,442720,424620,361108,378636,549129,433328,646848,623652,452548,402596,432481,349727,666997,401187,787680,780886,818723,909396,610065,790335,902066,699367,729598,666802,808987,794520,885870,971644,1016842,1001663,808162,741140,807605,1074282,47534272,48413370,48051143,47734199,47871393,47716865,48884916,47604647,48028870,48328856,16688,13948,15153,16020,14800,17476,14777,14798,17554,14909,50492,50065,47291,48511,49603,45373,45960,50138,45701,52433,119001,103282,121962,112829,123048,104664,102191,112570,104313,114102,7993763,8151891,8177332,8234374,8089445,7977941,8273600,8129458,8083903,8118983,15754885,15918528,15431249,15902639,15869120,15540487,15848046,16039554,15777107,16135779,30433679,29561052,28624635,30510390,22588931,30137876,29595558,30295523,21562630,23966993,130415,119030,215730,131774,153718,129288,171007,152027,180885,202227,313622,227826,323200,236730,363180,234773,217312,278214,240122,218721,320360,307392,399505,414475,383450,500849,400870,368245,330926,462539,5529458,5393735,6582934,6596389,7460700,7948055,8649741,5089544,6827927,5451669,10471485,11841164,13378691,12873032,10094128,14377512,12301953,12951467,10805204,9681503,190221164,192060124,190674989,185107947,191235774,193855125,194717588,193408565,190813681,188238033,55169,53061,59127,57437,58123,54891,63150,45745,56919,56789,162716,166426,176878,176046,173286,164665,153036,185386,182651,177735,423711,439148,415744,439653,422369,437326,447737,462565,487340,413080,30759351,31015005,30980113,28719832,31234886,31552832,31069929,31907805,30371364,32453825,61655102,64230499,63274312,59752526,63786443,60067961,64987230,59563628,64396193,62386723
20,26028,26167,31384,26528,24586,27483,21837,21874,18917,28715,14493,15052,11934,14121,13672,14584,17473,15009,12190,10229,14251,13000,16685,13405,14282,12847,16146,13262,12092,14150,20630,13270,16171,16410,12778,13204,15948,12794,15430,13874,20961,20980,21582,27095,19914,21382,25284,23104,23265,22249,24288,25650,22067,26118,27946,29444,27988,23012,24870,22723,7915086,8002554,7999983,7958587,7930524,7930437,8143777,7963283,8046164,7983142,2550,2405,2440,2658,2413,2971,2418,2587,2828,2716,8185,7907,7990,7699,7977,7972,7886,8023,7989,8222,19141,18255,19504,19797,19330,18369,18633,19447,18649,19047,1352493,1357887,1364195,1378885,1323908,1334622,1365052,1341757,1354492,1369164,2612037,2619705,2566783,2675792,2626148,2571019,2634689,2638079,2637978,2660440,695197,743996,520189,440366,411303,625915,648150,548394,318568,390088,3141,2579,3815,3628,3747,4874,4315,4387,3447,4173,5050,4193,5363,6817,8345,5431,6067,5565,4632,4115,7762,8757,11722,8680,11001,17831,8363,7082,7867,10714,112885,142127,94601,122804,173022,132278,168342,122002,129992,104703,173028,178259,334966,247526,197234,205062,252000,209461,247756,166848,25857340,26012396,26007168,25346754,25830483,26428529,26696914,26257225,25839346,25630413,7637,7261,7154,7432,7859,7087,8551,6603,7934,7953,21384,23611,22690,25168,23534,23309,21335,24362,24064,24017,55726,59784,56458,63304,57385,58061,58221,61139,68478,54850,4162083,4197191,4179441,3900089,4288782,4250346,4202140,4362779,4143157,4410758,8215099,8812172,8695768,8041575,8717126,8249452,8820023,8099405,8832859,8481832
21,209036,231232,216908,211721,184707,199866,153877,185877,146512,212006,95936,102888,72545,89951,89116,92562,122008,100894,84587,74930,112514,82515,117217,102431,95196,92472,113296,101668,90323,98011,130799,101603,139241,133996,106166,99860,106459,91558,139334,95342,150955,151749,161578,178564,134581,155806,175995,148580,158069,135037,161372,168187,166747,187271,199715,195026,166478,147314,166258,188898,47521216,48181945,47934620,47786513,47774949,47583666,48855539,47627846,48172622,48093451,15582,14197,15271,16277,14748,17597,14920,14709,16807,15269,49324,49115,48009,47435,47947,47274,46267,49888,47445,48672,117878,107078,121134,115102,119392,107909,107740,116195,110822,115031,8044677,8178347,8169874,8247266,7997310,8000216,8223175,8085839,8099615,8179649,15688104,15801529,15408357,15993248,15753771,15466945,15818045,15945397,15770232,16036651,4545667,4362251,4120119,4349778,3461004,4271758,4330995,4426399,3186235,3562234,21645,22628,33994,23630,26817,25974,28900,27972,25735,30353,45284,36212,47275,45910,61235,39892,34826,42741,39918,35441,54206,56856,71510,64574,68506,86982,69363,59515,56147,82209,912330,910606,910755,1111248,1240107,1154232,1310506,845638,1138315,864166,1598630,1851700,2045661,1872825,1639947,1931877,1951663,1790620,1793934,1536376,163931284,165295554,164450957,160206455,164336735,167557806,168686024,166727360,164122520,162581539,49329,44926,46719,47195,49290,45889,53447,40012,49818,48583,135785,146205,148429,155231,150358,146358,135060,155359,151999,153800,355304,376626,360928,391926,363465,375538,372025,393609,432664,349500,26449590,26602479,26612321,24707690,27080423,27052632,26626267,27577732,26201967,28014667,52640369,55552747,54855538,51350338,55118260,52021838,56022651,51348863,55745226,53821432
22,31979,34655,24862,22134,19769,22136,9939,21739,11305,25387,11412,10686,4775,8959,7901,10608,17379,11516,6987,8847,19861,6925,12754,12756,8004,9379,13906,12317,10932,9697,18656,9860,18943,19127,11371,10855,10876,7453,26043,9362,12199,13816,15919,20986,9550,15516,23268,11527,14489,8417,14940,12499,15771,18695,19453,20641,13565,11605,13403,21117,79748,82337,81070,80388,80394,81002,82893,79968,80436,81913,29,23,25,23,21,28,29,24,37,25,86,82,76,80,93,73,82,76,75,101,193,165,193,190,210,173,163,190,160,180,13552,13401,14060,13859,13711,13467,13860,13844,13639,13766,26772,27042,26029,27039,27186,26162,26665,27055,26749,27395,59165690,26894924,31438210,29807288,12414449,47114308,54870800,63494612,11976197,13553998,12763,8469,32207,7330,18534,7867,16047,9859,9300,29889,28139,22821,48670,31224,123132,21003,21217,30060,19137,18434,31896,24770,62607,46713,42192,124160,96001,21452,26920,86125,1907627,1457702,1690637,5311776,4002711,6535117,8081968,1457299,3199244,1050869,4278037,7649029,17098645,16665385,5912817,17724059,7608227,13033994,6788303,3628029,524553,530765,527464,505263,528858,533847,537027,535259,526447,515680,161,156,173,153,156,154,152,122,166,153,485,451,489,462,435,471,369,468,528,498,1168,1216,1141,1196,1082,1193,1314,1245,1324,1133,84414,85901,85999,77678,85111,87370,86172,87872,83819,89406,171135,177944,174292,163286,175904,163947,179501,163325,178738,171254
23,98381,123916,81923,89633,73179,76793,47607,83052,56760,108208,28213,35312,11490,21668,24612,22129,47537,30647,20984,25538,44811,24472,33311,33168,29051,24494,30045,35551,31466,32462,51371,30020,51517,51502,48174,30921,30131,25797,70417,32419,58690,62471,57893,60019,28722,56203,60091,47955,52366,44051,40641,45912,71467,69250,48939,66312,45984,54921,50563,85852,163117,158995,154032,163932,171717,167825,166748,169275,151797,152367,0,0,79,81,74,133,0,0,76,0,88,0,0,197,0,85,422,599,280,0,686,578,443,355,350,583,328,227,338,472,22966,32564,27433,28903,29445,27865,27654,25343,31096,26834,44069,61437,51973,50741,49443,45823,50447,51438,49565,55682,7348476,6607499,6858125,7438081,4591506,7766090,7390138,8375630,4288909,4744234,16846,13655,34044,19182,21743,10672,26331,21158,32704,31082,45551,33232,47685,29995,58770,26481,26010,38054,29653,37310,45586,39120,55458,59710,50789,70895,63097,44626,41052,61611,891607,851218,1091437,1292530,1425532,1780140,1767024,824989,1204290,878831,1896622,2466855,3223961,2956707,1882795,3455105,2525879,2930745,1971674,1699703,1214042,1144681,1195135,1142705,1181306,1213932,1243488,1227550,1174716,1166066,428,279,369,97,609,443,203,87,439,385,2131,2127,1100,728,1491,777,1545,743,759,806,1768,3335,2045,1787,2356,1719,3239,2304,2500,3572,183931,186859,188164,176694,197308,199604,192978,211810,189897,203422,394497,383468,414754,376772,395888,375209,406161,371801,392731,381191
24,56232,61241,46949,48348,39162,44021,25742,43754,26974,48955,24855,27956,12819,21278,21931,22176,38213,27220,19235,20707,36200,17480,30454,29088,21073,22958,31168,28211,24889,23840,36788,25905,42712,42782,27745,25394,27552,19623,48474,24443,31358,31979,34488,39921,22982,33869,41689,27140,31069,23708,32407,30204,35388,39747,42499,41455,31673,27076,30699,46598,480329,492681,487262,481072,483524,482644,495335,479156,484789,490442,171,149,135,177,166,177,158,150,175,136,568,518,456,528,524,424,426,493,448,564,1232,1021,1258,1156,1275,995,929,1186,1000,1164,80119,81618,82567,83743,82662,80664,84717,82409,81403,81813,159445,162008,155210,159817,160677,157353,160965,162930,159783,164753,5896577,4797815,4963507,5063430,3196203,5667835,5871337,6359442,3074660,3440827,12987,11328,24843,11447,15749,12020,17980,14180,15879,24933,29459,22903,33555,24993,50301,22302,20380,29141,23150,20601,29749,26919,44076,40994,37330,59193,48533,32366,28464,55942,713807,658786,793285,1045912,1070182,1256053,1370648,610318,970417,593942,1360574,1812781,2421847,2262411,1457033,2593231,1826337,2136339,1569482,1281607,3039308,3073157,3048036,2934027,3070688,3092312,3111426,3097196,3048212,2994430,799,789,946,935,913,882,1046,678,879,976,2641,2531,2819,2732,2689,2543,2353,3042,2981,2789,6900,7110,6557,6851,6521,6746,7302,7459,7556,6481,487554,494459,495274,452616,494926,505741,496144,510685,481448,517550,989850,1027345,1008732,953846,1022013,952724,1044786,946988,1031160,992895
25,6630,6327,6383,6793,4986,6044,4662,5405,4011,6716,4213,4686,2796,4028,4308,3955,5303,4509,3757,3421,4677,3580,4891,4477,3665,3793,4805,4565,3741,4124,5711,4167,5875,5739,4220,3796,4766,3577,5734,4278,5237,4933,5231,6076,4083,4811,5404,4722,4335,4459,4982,5044,4947,5360,6216,6582,5503,4553,5204,5913,239501,244168,242945,240865,241458,241256,247830,239808,241980,244260,86,64,92,78,75,101,74,73,80,88,256,232,239,223,260,229,221,241,261,262,593,508,567,565,621,540,504,625,509,536,40307,41735,41454,41973,41001,40209,41941,40962,41102,41194,79545,80769,77170,80629,80080,78374,79618,81036,79387,81694,157783,188190,152366,157254,127715,161077,146715,148666,107814,124174,1253,1209,2203,1485,1543,1796,1947,1790,1858,1886,2522,1952,2469,2645,3207,2256,1866,2366,2227,1771,2607,2967,3670,3341,4059,4600,3071,3159,2866,3956,34070,37581,39833,38248,55840,45726,48522,33697,43401,35813,61232,66262,86674,70272,59950,67018,77280,63367,69967,58067,1400523,1413663,1402624,1355911,1408187,1427737,1436836,1426761,1400147,1381003,436,370,398,454,451,389,484,319,392,432,1245,1293,1328,1324,1253,1188,1129,1359,1310,1308,3144,3258,3083,3313,3021,3133,3212,3376,3622,2997,224892,227236,227491,209122,229392,231469,226926,235512,220800,239024,451637,476865,468627,438017,470168,439898,480892,437744,476844,458093
26,5765,6431,4348,4540,3687,3879,2188,4119,2523,5667,2667,3332,1017,2057,2219,2160,4487,3073,1979,2546,4592,2069,3040,3093,2408,2073,2719,3358,3004,2702,4296,2510,4614,4808,3654,2348,2477,2098,6504,2769,3233,3393,3272,3519,1400,3256,3859,2473,2813,2094,2183,2199,3777,3568,2736,3625,2233,2730,2662,4848,2495,2469,2413,2391,2622,2533,2546,2544,2336,2378,0,0,0,2,1,0,0,0,0,0,2,0,0,2,0,4,9,8,3,0,15,3,4,5,5,7,7,2,5,3,300,493,402,437,474,438,417,376,442,400,705,937,788,739,755,708,804,765,772,876,1712986,1230681,1371999,1392851,758342,1639168,1631419,1929820,718999,795653,2539,1696,4660,1980,2800,1136,3280,2445,3394,4241,5043,4042,6356,3737,10259,3108,2959,4695,3388,4072,5395,4256,7101,6869,6051,10549,8646,4883,4350,8586,133154,119270,154643,221403,231983,303887,343902,117651,187218,111270,297635,428432,635086,605151,309764,714144,417564,535561,339526,256781,29962,28160,29789,27821,28985,29702,30519,30196,29265,28821,12,14,8,1,14,7,4,2,14,11,59,57,21,12,43,25,37,26,21,14,54,81,58,42,67,43,61,47,57,83,4479,4717,4734,4246,4877,4942,5020,5122,4606,4942,9873,9392,10275,9220,9725,9058,10068,9002,9676,9281
27,650,549,490,537,372,471,327,461,270,481,386,496,220,378,396,318,547,418,331,389,454,283,429,476,292,373,491,438,410,388,555,434,582,623,403,376,528,279,586,412,436,367,398,534,279,395,386,282,321,322,393,356,322,360,481,528,401,311,348,487,1236,1287,1289,1261,1179,1199,1264,1213,1241,1265,0,0,0,1,0,0,1,0,0,0,3,2,0,0,1,4,1,1,1,1,3,0,0,2,3,1,1,0,1,6,186,190,220,174,224,198,183,218,220,200,419,382,395,391,420,388,396,406,414,415,33463,37162,32144,32738,21921,37130,34795,38154,18803,22149,145,161,428,184,220,269,327,188,272,315,383,276,353,303,597,297,246,410,291,256,311,283,513,496,523,540,438,421,328,648,4994,5461,7027,7080,9655,9210,8932,4647,7515,5014,9515,12400,17876,14823,10825,16287,14794,13640,11790,9310,13514,13680,13579,12780,13527,13526,13712,13696,13517,13186,4,5,2,2,1,4,4,3,1,5,15,5,15,11,14,12,6,8,9,19,34,30,30,27,17,31,29,37,47,34,2245,2220,2256,1941,2175,2316,2210,2301,2101,2328,4358,4569,4439,4276,4587,4312,4577,4301,4375,4236
28,283,317,197,209,186,152,101,184,124,298,139,188,61,89,127,104,256,176,96,131,266,111,148,195,131,94,119,207,161,154,244,142,226,295,245,120,132,130,378,172,151,200,147,137,45,160,162,111,139,96,73,75,197,139,110,155,97,155,117,230,12,5,10,8,7,15,9,5,8,8,0,0,0,0,0,0,0,0,0,0,0,0,0,0,0,0,0,1,0,0,0,0,0,0,0,0,0,0,0,0,1,2,0,2,1,1,1,1,0,1,1,3,2,1,3,2,3,1,6,1,116043,90194,100121,97519,51815,104742,107312,125575,47972,53618,151,93,320,130,177,65,212,165,267,299,306,202,398,198,693,161,176,238,215,264,312,200,332,398,339,504,486,277,206,379,7202,6682,9224,13391,16602,20509,21591,7088,10451,6396,19400,29411,44508,43999,19978,49550,25881,34867,22776,14734,183,188,202,153,180,205,217,201,187,178,0,0,0,0,0,0,0,0,0,0,4,0,0,0,0,0,0,0,0,0,0,1,0,0,0,0,0,1,0,0,30,32,54,31,26,39,31,28,27,23,64,59,71,62,68,59,58,56,58,62
29,10,19,3,9,8,7,7,6,6,19,4,7,2,2,4,4,15,11,7,6,9,5,2,5,10,1,2,5,4,8,6,4,8,13,12,1,0,5,15,5,5,12,3,3,0,4,5,3,4,4,0,2,9,6,1,4,1,7,5,11,0,0,0,0,0,0,0,0,0,0,0,0,0,0,0,0,0,0,0,0,0,0,0,0,0,0,0,0,0,0,0,0,0,0,0,0,0,0,0,0,0,0,0,0,0,0,0,0,0,0,0,0,0,0,0,0,0,0,0,0,1156,1359,1486,2358,1089,1194,1121,1527,934,956,9,3,14,11,7,1,5,6,16,5,9,8,7,4,9,4,3,7,7,15,14,9,11,14,10,14,8,16,13,8,164,173,275,175,342,384,313,157,183,223,374,531,678,617,298,665,456,552,359,352,1,0,1,1,0,1,0,0,0,0,0,0,0,0,0,0,0,0,0,0,0,0,0,0,0,0,0,0,0,0,0,0,0,0,0,0,0,0,0,0,0,0,0,0,0,1,0,1,1,0,0,0,0,0,0,0,0,0,0,0
